region,video_id,timeFetched,title,channel_title,category_id,publish_time,tags,views,likes,dislikes,comment_count,thumbnail_link,comments_disabled,ratings_disabled,video_error_or_removed,description,publishDateCorrectFormat,dayDifference
US,2kyS6SvSYSE,14-11-17,WE WANT TO TALK ABOUT OUR MARRIAGE,CaseyNeistat,22,2017-11-13T17:13:01.000Z,SHANtell martin,748374,57527,2966,15954,https://i.ytimg.com/vi/2kyS6SvSYSE/default.jpg,FALSE,FALSE,FALSE,SHANTELL'S CHANNEL - https://www.youtube.com/shantellmartin\nCANDICE - https://www.lovebilly.com\n\nfilmed this video in 4k on this -- http://amzn.to/2sTDnRZ\nwith this lens -- http://amzn.to/2rUJOmD\nbig drone - http://tinyurl.com/h4ft3oy\nOTHER GEAR ---  http://amzn.to/2o3GLX5\nSony CAMERA http://amzn.to/2nOBmnv\nOLD CAMERA; http://amzn.to/2o2cQBT\nMAIN LENS; http://amzn.to/2od5gBJ\nBIG SONY CAMERA; http://amzn.to/2nrdJRO\nBIG Canon CAMERA; http://tinyurl.com/jn4q4vz\nBENDY TRIPOD THING; http://tinyurl.com/gw3ylz2\nYOU NEED THIS FOR THE BENDY TRIPOD; http://tinyurl.com/j8mzzua\nWIDE LENS; http://tinyurl.com/jkfcm8t\nMORE EXPENSIVE WIDE LENS; http://tinyurl.com/zrdgtou\nSMALL CAMERA; http://tinyurl.com/hrrzhor\nMICROPHONE; http://tinyurl.com/zefm4jy\nOTHER MICROPHONE; http://tinyurl.com/jxgpj86\nOLD DRONE (cheaper but still great);http://tinyurl.com/zcfmnmd\n\nfollow me; on http://instagram.com/caseyneistat\non https://www.facebook.com/cneistat\non https://twitter.com/CaseyNeistat\n\namazing intro song by https://soundcloud.com/discoteeth\n\nad disclosure.  THIS IS NOT AN AD.  not selling or promoting anything.  but samsung did produce the Shantell Video as a 'GALAXY PROJECT' which is an initiative that enables creators like Shantell and me to make projects we might otherwise not have the opportunity to make.  hope that's clear.  if not ask in the comments and i'll answer any specifics.,13-11-17,1
US,1ZAPwfrtAFY,14-11-17,The Trump Presidency: Last Week Tonight with John Oliver (HBO),LastWeekTonight,24,2017-11-13T07:30:00.000Z,"last week tonight trump presidency|""last week tonight donald trump""|""john oliver trump""|""donald trump""",2418783,97185,6146,12703,https://i.ytimg.com/vi/1ZAPwfrtAFY/default.jpg,FALSE,FALSE,FALSE,"One year after the presidential election, John Oliver discusses what we've learned so far and enlists our catheter cowboy to teach Donald Trump what he hasn't.\n\nConnect with Last Week Tonight online...\n\nSubscribe to the Last Week Tonight YouTube channel for more almost news as it almost happens: www.youtube.com/user/LastWeekTonight\n\nFind Last Week Tonight on Facebook like your mom would: http://Facebook.com/LastWeekTonight\n\nFollow us on Twitter for news about jokes and jokes about news: http://Twitter.com/LastWeekTonight\n\nVisit our official site for all that other stuff at once: http://www.hbo.com/lastweektonight",13-11-17,1
US,5qpjK5DgCt4,14-11-17,"Racist Superman | Rudy Mancuso, King Bach & Lele Pons",Rudy Mancuso,23,2017-11-12T19:05:24.000Z,"racist superman|""rudy""|""mancuso""|""king""|""bach""|""racist""|""superman""|""love""|""rudy mancuso poo bear black white official music video""|""iphone x by pineapple""|""lelepons""|""hannahstocking""|""rudymancuso""|""inanna""|""anwar""|""sarkis""|""shots""|""shotsstudios""|""alesso""|""anitta""|""brazil""|""Getting My Driver's License | Lele Pons""",3191434,146033,5339,8181,https://i.ytimg.com/vi/5qpjK5DgCt4/default.jpg,FALSE,FALSE,FALSE,WATCH MY PREVIOUS VIDEO â–¶ \n\nSUBSCRIBE â–º https://www.youtube.com/channel/UC5jkXpfnBhlDjqh0ir5FsIQ?sub_confirmation=1\n\nTHANKS FOR WATCHING! LIKE & SUBSCRIBE FOR MORE VIDEOS!\n-----------------------------------------------------------\nFIND ME ON: \nInstagram | http://instagram.com/rudymancuso\nTwitter | http://twitter.com/rudymancuso\nFacebook | http://facebook.com/rudymancuso\n\nCAST: \nRudy Mancuso | http://youtube.com/c/rudymancuso\nLele Pons | http://youtube.com/c/lelepons\nKing Bach | https://youtube.com/user/BachelorsPadTv\n\nVideo Effects: \nCaleb Natale | https://instagram.com/calebnatale\n\nPA:\nPaulina Gregory\n\n\nShots Studios Channels:\nAlesso | https://youtube.com/c/alesso\nAnitta | http://youtube.com/c/anitta\nAnwar Jibawi | http://youtube.com/c/anwar\nAwkward Puppets | http://youtube.com/c/awkwardpuppets\nHannah Stocking | http://youtube.com/c/hannahstocking\nInanna Sarkis | http://youtube.com/c/inanna\nLele Pons | http://youtube.com/c/lelepons\nMaejor | http://youtube.com/c/maejor\nMike Tyson | http://youtube.com/c/miketyson \nRudy Mancuso | http://youtube.com/c/rudymancuso\nShots Studios | http://youtube.com/c/shots\n\n#Rudy\n#RudyMancuso,12-11-17,2
US,puqaWrEC7tY,14-11-17,Nickelback Lyrics: Real or Fake?,Good Mythical Morning,24,2017-11-13T11:00:04.000Z,"rhett and link|""gmm""|""good mythical morning""|""rhett and link good mythical morning""|""good mythical morning rhett and link""|""mythical morning""|""Season 12""|""nickelback lyrics""|""nickelback lyrics real or fake""|""nickelback""|""nickelback songs""|""nickelback song""|""rhett link nickelback""|""gmm nickelback""|""lyrics (website category)""|""nickelback (musical group)""|""rock""|""music""|""lyrics""|""chad kroeger""|""canada""|""music (industry)""|""mythical""|""gmm challenge""|""comedy""|""funny""|""challenge""",343168,10172,666,2146,https://i.ytimg.com/vi/puqaWrEC7tY/default.jpg,FALSE,FALSE,FALSE,Today we find out if Link is a Nickelback amateur or a secret Nickelback devotee. GMM #1218\nDon't miss an all new Ear Biscuits: https://goo.gl/xeZNQt\nWatch Part 4: https://youtu.be/MhCdiiB8CQg | Watch Part 2: https://youtu.be/7qiOrNao9fg\nWatch today's episode from the start: http://bit.ly/GMM1218\n\nPick up all of the official GMM merch only at https://mythical.store\n\nFollow Rhett & Link: \nInstagram: https://instagram.com/rhettandlink\nFacebook: https://facebook.com/rhettandlink\nTwitter: https://twitter.com/rhettandlink\nTumblr: https://rhettandlink.tumblr.com\nSnapchat: @realrhettlink\nWebsite: https://mythical.co/\n\nCheck Out Our Other Mythical Channels:\nGood Mythical MORE: https://youtube.com/goodmythicalmore\nRhett & Link: https://youtube.com/rhettandlink\nThis Is Mythical: https://youtube.com/thisismythical\nEar Biscuits: https://applepodcasts.com/earbiscuits\n\nWant to send us something? https://mythical.co/contact\nHave you made a Wheel of Mythicality intro video? Submit it here: https://bit.ly/GMMWheelIntro\n\nIntro Animation by Digital Twigs: https://www.digitaltwigs.com\nIntro & Outro Music by Jeff Zeigler & Sarah Schimeneck https://www.jeffzeigler.com\nWheel of Mythicality theme: https://www.royaltyfreemusiclibrary.com/\nAll Supplemental Music fromOpus 1 Music: https://opus1.sourceaudio.com/\nWe use â€˜The Mouseâ€™ by Blue Microphones https://www.bluemic.com/mouse/,13-11-17,1
US,d380meD0W0M,14-11-17,I Dare You: GOING BALD!?,nigahiga,24,2017-11-12T18:01:41.000Z,"ryan|""higa""|""higatv""|""nigahiga""|""i dare you""|""idy""|""rhpc""|""dares""|""no truth""|""comments""|""comedy""|""funny""|""stupid""|""fail""",2095731,132235,1989,17518,https://i.ytimg.com/vi/d380meD0W0M/default.jpg,FALSE,FALSE,FALSE,"I know it's been a while since we did this show, but we're back with what might be the best episode yet!\nLeave your dares in the comment section! \n\nOrder my book how to write good \nhttp://higatv.com/ryan-higas-how-to-write-good-pre-order-links/\n\nJust Launched New Official Store\nhttps://www.gianthugs.com/collections/ryan\n\nHigaTV Channel\nhttp://www.youtube.com/higatv\n\nTwitter\nhttp://www.twitter.com/therealryanhiga\n\nFacebook\nhttp://www.facebook.com/higatv\n\nWebsite\nhttp://www.higatv.com\n\nInstagram\nhttp://www.instagram.com/notryanhiga\n\nSend us mail or whatever you want here!\nPO Box 232355\nLas Vegas, NV 89105",12-11-17,2
US,gHZ1Qz0KiKM,14-11-17,2 Weeks with iPhone X,iJustine,28,2017-11-13T19:07:23.000Z,"ijustine|""week with iPhone X""|""iphone x""|""apple""|""iphone""|""iphone x review""|""iphone x unboxing""",119180,9763,511,1434,https://i.ytimg.com/vi/gHZ1Qz0KiKM/default.jpg,FALSE,FALSE,FALSE,Using the iPhone for the past two weeks -- here's my thoughts!\nAll my iPhone X Videos: https://www.youtube.com/watch?v=vqztGUwhRlQ&list=PLoYRB6C09WUDbCndtEDELX-Fpk_pgATvF\nâ–º SUBSCRIBE FOR MORE VIDEOS: http://www.youtube.com/subscription_center?add_user=ijustine\nâ–º Get my BOOK! http://ijustinebook.com\nâ–º Get my iOS 10 STICKERS! http://ijustinestickers.com\n\nâ–¼ SOCIAL\nhttp://instagram.com/ijustine\nhttp://facebook.com/ijustine\nhttp://twitter.com/ijustine\nSnapchat: iJustine\n\nâ€”â€”â€”â€”â€”â€”â€”â€”â€”â€”â€”â€”\n\nâ–¼ STUFF I USE TO MAKE VIDEOS\n\nSony rx100 V - http://amzn.to/2jesbxA\nG7X ii - http://amzn.to/2f6n2Bs\nCanon 80D - http://amzn.to/2eRKhQo\nSony A7s ii - http://amzn.to/2ebLR16\nSony a6500 - http://amzn.to/2okeG2a\nGoPro Hero 5 - http://amzn.to/2e1KyhM\nGoPro Hero 5 Session - http://amzn.to/2oksMQT\nEpidemic Sound - https://goo.gl/Pe7GTL \n\nFavorite lenses: \nCanon EF 24-70mm - http://amzn.to/2dT7mFr\nCanon EF-S 10-18mm - http://amzn.to/2dT62SU\nSony 16-35mm (full frame) - http://amzn.to/2ftPaTf\nSony Distagon 35mm (full frame) - http://amzn.to/2oB0XQj\nSony 10-18mm wide angle - http://amzn.to/2e1Myqz\n\nRode Small on camera microphone - http://amzn.to/2fkiVGJ\nRode Larger (battery required) microphone - http://amzn.to/2ftNkl8\nSony XLR adapter Microphone - http://amzn.to/2kCcIDH\nSmall Sony Microphone - http://amzn.to/2oX7Eih\n\nFavorite SD Card - http://amzn.to/2oWRGoD\n\nDJI Mavic Pro - http://amzn.to/2f6nL5E\nPhantom 4 Pro - http://amzn.to/2pbDrN1\nPhantom 4 Pro Plus  - http://amzn.to/2oX63Jz,13-11-17,1
US,39idVpFF7NQ,14-11-17,Roy Moore & Jeff Sessions Cold Open - SNL,Saturday Night Live,24,2017-11-12T05:37:17.000Z,"SNL|""Saturday Night Live""|""SNL Season 43""|""Episode 1730""|""Tiffany Haddish""|""Roy Moore""|""Mikey Day""|""Mike Pence""|""Beck Bennett""|""Jeff Sessions""|""Kate McKinnon""|""s43""|""s43e5""|""episode 5""|""live""|""new york""|""comedy""|""sketch""|""funny""|""hilarious""|""late night""|""host""|""music""|""guest""|""laugh""|""impersonation""|""actor""|""improv""|""musician""|""comedian""|""actress""|""If Loving You Is Wrong""|""Oprah Winfrey""|""OWN""|""Girls Trip""|""The Carmichael Show""|""Keanu""|""Taylor Swift""|""Reputation""|""Look What You Made Me Do""|""ready for it?""|""cold open""",2103417,15993,2445,1970,https://i.ytimg.com/vi/39idVpFF7NQ/default.jpg,FALSE,FALSE,FALSE,Embattled Alabama Senate candidate Roy Moore (Mikey Day) meets with Vice President Mike Pence (Beck Bennett) and Attorney General Jeff Sessions (Kate McKinnon).\n\n#SNL #SNL43\n\nGet more SNL: http://www.nbc.com/saturday-night-live\nFull Episodes: http://www.nbc.com/saturday-night-liv...\n\nLike SNL: https://www.facebook.com/snl\nFollow SNL: https://twitter.com/nbcsnl\nSNL Tumblr: http://nbcsnl.tumblr.com/\nSNL Instagram: http://instagram.com/nbcsnl \nSNL Pinterest: http://www.pinterest.com/nbcsnl/,12-11-17,2
US,nc99ccSXST0,14-11-17,5 Ice Cream Gadgets put to the Test,CrazyRussianHacker,28,2017-11-12T21:50:37.000Z,"5 Ice Cream Gadgets|""Ice Cream""|""Cream Sandwich Maker""|""gadgets""|""gadget review""|""review""|""unboxing""|""kitchen gadgets""|""Gadgets put to the Test""|""testing""|""10 Kitchen Gadgets""|""7 Camping Coffee Gadgets""|""10 Kitchen Gadgets put to the Test""",817732,23663,778,3432,https://i.ytimg.com/vi/nc99ccSXST0/default.jpg,FALSE,FALSE,FALSE,"Ice Cream Pint Combination Lock - http://amzn.to/2ACipdI\nMini Ice Cream Sandwich Maker - http://amzn.to/2ACiX3g\nMotorized Ice Cream Cone - http://amzn.to/2jkrYdg\nBall Ice Cream Maker - http://amzn.to/2AEbtwE\nScoop and Stack - http://amzn.to/2zEMhGo\n\nSubscribe to: \n2nd channel - https://www.youtube.com/user/origami768\ninstagram https://instagram.com/crazyrussianhacker/\nfacebook - https://www.facebook.com/CrazyRussianHacker\n\nDON'T TRY THIS AT HOME!\n\nBusiness email: crh.inquire@gmail.com\n\nFAN MAIL:  \nCRAZY RUSSIAN HACKER\nP.O. Box 49\nWaynesville, NC 28786\n\nDISCLAIMER: In this video description contains affiliate links, which means that if you click on one of the product links, Iâ€™ll receive a small commission.",12-11-17,2
US,jr9QtXwC9vc,14-11-17,The Greatest Showman | Official Trailer 2 [HD] | 20th Century FOX,20th Century Fox,1,2017-11-13T14:00:23.000Z,"Trailer|""Hugh Jackman""|""Michelle Williams""|""Zac Efron""|""Zendaya""|""Rebecca Ferguson""|""pasek and paul""|""la la land""|""moulin rouge""|""high school musical""|""hugh jackman musical""|""zac efron musical""|""musical""|""the greatest showman""|""greatest showman""|""Michael Gracey""|""P.T. Barnum""|""Barnum and Bailey""|""Barnum Circus""|""Barnum and Bailey Circus""|""20th century fox""|""greatest showman trailer""|""trailer""|""official trailer""|""the greatest showman trailer""|""logan""|""Benj Pasek""|""Justin Paul""",826059,3543,119,340,https://i.ytimg.com/vi/jr9QtXwC9vc/default.jpg,FALSE,FALSE,FALSE,"Inspired by the imagination of P.T. Barnum, The Greatest Showman is an original musical that celebrates the birth of show business & tells of a visionary who rose from nothing to create a spectacle that became a worldwide sensation.\n\nIn Theaters This Christmas\n\nDirected By Michael Gracey\nCast: Hugh Jackman, Michelle Williams, Zac Efron, Zendaya, Rebecca Ferguson\n\nSUBSCRIBE: http://bit.ly/FOXSubscribe\n\n\nVisit the Official Site Here: http://www.foxmovies.com/movies/the-greatest-showman\nLike The Greatest Showman on FACEBOOK: http://fox.co/GreatestShowmanFB\nFollow The Greatest Showman on TWITTER: http://fox.co/GreatestShowmanTW\nFollow The Greatest Showman on INSTAGRAM: http://fox.co/GreatestShowmanIG\n\n#GreatestShowman\n\nAbout 20th Century FOX:\nOfficial YouTube Channel for 20th Century Fox Movies. Home of Avatar, Aliens, X-Men, Die Hard, Deadpool, Ice Age, Alvin and the Chipmunks, Rio, Peanuts, Maze Runner, Planet of the Apes, Wolverine and many more.\n\nConnect with 20th Century FOX Online:\nVisit the 20th Century FOX WEBSITE: http://bit.ly/FOXMovie\nLike 20th Century FOX on FACEBOOK: http://bit.ly/FOXFacebook\nFollow 20th Century FOX on TWITTER: http://bit.ly/TwitterFOX\n\nThe Greatest Showman | Official Trailer 2 [HD] | 20th Century FOX\nhttp://www.youtube.com/user/FoxMovies",13-11-17,1
US,TUmyygCMMGA,14-11-17,Why the rise of the robots wonâ€™t mean the end of work,Vox,25,2017-11-13T13:45:16.000Z,"vox.com|""vox""|""explain""|""shift change""|""future of work""|""automation""|""robots""|""jobs""|""technological unemployment""|""joss fong""|""heidi shierholz""|""martin ford""|""rise of the robots""|""humans""|""workers""|""employment""|""economics""|""macroeconomics""|""silicon valley""|""basic income""",256426,12654,1363,2368,https://i.ytimg.com/vi/TUmyygCMMGA/default.jpg,FALSE,FALSE,FALSE,"For now, at least, we have better things to worry about.\n\n\nSubscribe to our channel! http://goo.gl/0bsAjO\n\nSources: \nhttps://economics.mit.edu/files/11563\nhttps://www.aeaweb.org/full_issue.php?doi=10.1257/jep.29.3#page=33\nhttp://voxeu.org/article/how-computer-automation-affects-occupations\nhttps://www.opensocietyfoundations.org/sites/default/files/future-work-lit-review-20150428.pdf\nhttps://obamawhitehouse.archives.gov/sites/whitehouse.gov/files/documents/Artificial-Intelligence-Automation-Economy.PDF\nhttps://www.vox.com/2015/7/27/9038829/automation-myth\nhttps://www.amazon.com/dp/B00PWX7RPG/ref=dp-kindle-redirect\nhttps://www.amazon.com/Second-Machine-Age-Prosperity-Technologies-ebook/dp/B00D97HPQI/ref=sr_1_1\nhttps://www.amazon.com/New-Division-Labor-Computers-Creating/dp/0691124027/ref=sr_1_1?\nhttps://www.oxfordmartin.ox.ac.uk/downloads/academic/The_Future_of_Employment.pdf\n\nClips:\nhttps://www.youtube.com/watch?v=VTlV0Y5yAww\nhttps://www.youtube.com/watch?v=_luhn7TLfWU\nhttps://www.youtube.com/watch?v=rVlhMGQgDkY\nhttps://www.youtube.com/watch?v=rCoFKUJ_8Yo\nhttps://www.youtube.com/watch?v=yeyn9zzrC84\nhttps://www.youtube.com/watch?v=7Pq-S557XQU\nhttps://www.youtube.com/watch?v=WSKi8HfcxEk\n\n///\n\nRecent advancements in artificial intelligence and robotics have commentators worrying about the coming obsolescence of the human worker. Some in Silicon Valley are even calling for a basic minimum income provided by the government for everyone, under the assumption that work will become scarce. But many economists are skeptical of these claims, because the notion that the the economy offers a fixed amount of work has been debunked time and time again over the centuries and current economic data show no signs of a productivity boom. Fortunately, we don't need to divine the future of the labor market in order to prepare for it. \n\n///\n\nVox.com is a news website that helps you cut through the noise and understand what's really driving the events in the headlines. Check out http://www.vox.com to get up to speed on everything from Kurdistan to the Kim Kardashian app. \n\nCheck out our full video catalog: http://goo.gl/IZONyE\nFollow Vox on Twitter: http://goo.gl/XFrZ5H\nOr on Facebook: http://goo.gl/U2g06o",13-11-17,1
US,9wRQljFNDW8,14-11-17,Dion Lewis' 103-Yd Kick Return TD vs. Denver! | Can't-Miss Play | NFL Wk 10 Highlights,NFL,17,2017-11-13T02:05:26.000Z,"NFL|""Football""|""offense""|""defense""|""afc""|""nfc""|""American Football""|""highlight""|""highlights""|""game""|""games""|""sport""|""sports""|""action""|""play""|""plays""|""season""|""2017""|""rookie""|""rookies""|""recap""|""run""|""sprint""|""catch""|""huge""|""amazing""|""touchdown""|""td""|""week 9""|""wk 9""|""new england""|""patriots""|""pats""|""denver""|""broncos""|""lewis""|""kickoff""|""kick return""|""return td""|""special teams""|""sp:dt=2017-11-12T20:30:00-05:00""|""sp:vl=en-US""|""sp:st=football""|""sp:li=nfl""|""sp:ti:home=Den""|""sp:ti:away=NE""|""sp:scp=athlete_in_match""|""sp:ty=high""|""nfl-lewdio""",81377,655,25,177,https://i.ytimg.com/vi/9wRQljFNDW8/default.jpg,FALSE,FALSE,FALSE,"New England Patriots returner Dion Lewis blasts off for an amazing kickoff return touchdown against the Denver Broncos in Week 10 of the 2017 NFL Season.\n\nWatch full games with NFL Game Pass: https://www.nfl.com/gamepass?campaign=sp-nf-gd-ot-yt-3000342\n\nSign up for Fantasy Football! http://www.nfl.com/fantasyfootball\n\nSubscribe to NFL: http://j.mp/1L0bVBu\n\nThe NFL YouTube channel is your home for immediate in-game highlights from your favorite teams and players, full NFL games, behind the scenes access and more!\n\nCheck out our other channels:\nNFL Network http://www.youtube.com/nflnetwork\nNFL Films http://www.youtube.com/nflfilms\n\nFor all things NFL, visit the league's official website at http://www.nfl.com/\n\nWatch NFL Now: https://www.nfl.com/now\nListen to NFL podcasts: http://www.nfl.com/podcasts\nWatch the NFL network: http://nflnonline.nfl.com/\nDownload the NFL mobile app: https://www.nfl.com/apps\n2017 NFL Schedule: http://www.nfl.com/schedules\nBuy tickets to watch your favorite team:  http://www.nfl.com/tickets\nShop NFL: http://www.nflshop.com/source/bm-nflcom-Header-Shop-Tab\n\nLike us on Facebook: https://www.facebook.com/NFL\nFollow us on Twitter: https://twitter.com/NFL\nFollow us on Instagram: https://instagram.com/nfl/\nFind us on Snapchat",13-11-17,1
US,VifQlJit6A0,14-11-17,(SPOILERS) 'Shiva Saves the Day' Talked About Scene Ep. 804 | The Walking Dead,amc,24,2017-11-13T03:00:00.000Z,"The Walking Dead|""shiva""|""tiger""|""king ezekiel""|""episode 804""|""episode 4""|""some guy""|""sad""|""zombies""|""all out war""|""war""|""walkers""|""the kingdom""|""the saviors""|""Rick""|""Rick Grimes""|""Negan""|""Ezekiel""|""Daryl""|""Michonne""|""Morgan""|""Carl""|""Dwight""|""Jeffrey Dean Morgan""|""Andrew Lincoln""|""Norman Reedus""|""Danai Gurira""|""Lennie James""|""robert kirkman""|""scott m. gimple""|""apocalypse""|""season""|""season 8""|""alexandria""|""AMC""|""tv""|""tv show""|""television""|""11/12_TWD""|""Featured""",104578,1576,303,1279,https://i.ytimg.com/vi/VifQlJit6A0/default.jpg,FALSE,FALSE,FALSE,"Shiva arrives just in time as King Ezekiel attempts to take out an army of walkers.\n\n#TheWalkingDead #TWD #AllOutWar\n\nFor more The Walking Dead videos: http://goo.gl/qJOZ6n\n\n(SPOILERS) Talked About Scene from The Walking Dead: Season 8, Episode 4\n\nSubscribe to the AMC YouTube Channel : http://goo.gl/qSMzej\nThe Walking Dead: https://goo.gl/jzTTCb\nSign Up for the The Walking Dead Newsletter : http://www.amc.com/shows/the-walking-dead/exclusives/newsletter-subscription\nThe Walking Dead on Facebook: https://www.facebook.com/TheWalkingDeadAMC/ \nThe Walking Dead on Twitter: https://twitter.com/WalkingDead_AMC \nSign Up for the AMC Newsletter : http://www.amc.com/newsletter-subscription\nAMC : http://www.amc.com/\nAMC on Facebook : https://www.facebook.com/amc\nAMC on Twitter : http://twitter.com/AMC_TV",13-11-17,1
